{"cameraMode":{"drawMode":0,"name":"Shaded","section":"Shading Mode"},"sceneLighting":true,"audioPlay":false,"sceneViewState":{"m_AlwaysRefresh":false,"showFog":true,"showSkybox":true,"showFlares":true,"showImageEffects":true,"showParticleSystems":true,"showVisualEffectGraphs":true,"m_FxEnabled":true},"in2DMode":false,"pivot":{"x":617.4802856445313,"y":354.7022705078125,"z":-609.6625366210938},"rotation":{"x":0.06446199119091034,"y":-0.09558507800102234,"z":0.006367190275341272,"w":0.9934476613998413},"size":6.9352803230285648,"orthographic":false}